Division 2,Division 1 and Swiss in other tabs,,,,,,
Standings,Team,Week 3,Week 4,Week 5,Week 6,Total,Playoff Byes
,White Rose Rockets,Promoted to Div 1,,,,,
,BU Barracudas,Promoted to Div 1,,,,,
,Megalodon Sharks,Promoted to Div 1,,,,,
,RLExe,10,Promoted to Div 1,,,,
,Couldnt Care Leic,,Promoted to Div 2,Promoted to Div 1,,,
,Lakaka,10,10,Promoted to Div 1,,,
,Swansea storm 25_26,2,4,6,Promoted to Div 1,,
,Essex Blades A,6,6,4,Promoted to Div 1,,
,Nottthemainteam,6,7,7,Promoted to Div 1,,
,Fake Warwick,6,6,6,Promoted to Div 1,,
1,Lincoln Swans,10,10,10,6,36,Bye Round 1 and 2
2,Nottingham,10,10,10,0,30,Bye Round 1 and 2
3,Trent Thunders,10,6,6,2,24,Bye Round 1 and 2
4,Portsmouth Pending,4,6,6,6,22,Bye Round 1 and 2
5,Chargers Green,Promoted to Div 2,7,7,6,20,Bye Round 1
6,City Champions,4,6,4,6,20,Bye Round 1
7,Sussy Staffordians,2,4,6,6,18,Bye Round 1
8,Royal Bears Rocket league,6,4,4,4,18,Bye Round 1
9,Keele Krakens 2nd 2025,4,2,2,2,10,
10,Womp womp Leeds stomp stomp,,Promoted to Div 2,2,4,6,
11,Portsmouth Pirates,,,Promoted to Div 2,4,4,
12,My Poor Decals,Demoted to Swiss,,Promoted to Div 2,0,0,
13,MMU Minotaurs,,,,Promoted to Div 2,0,
14,UWE Sea Stags,,,,Promoted to Div 2,0,
15,Brighton Bears,,,,Promoted to Div 2,0,
16,WinchesterWarriors RL,,,,Promoted to Div 2,0,
,Keele Krakens 2025,10,10,Demoted to Swiss,,20,
,Warwick No WiFi,4,2,Demoted to Swiss,,6,
,UoBraindead,10,Demoted to Swiss,,,,
,The Cabin,Promoted to Div 2,Demoted to Swiss,,,,
,UCL Huzzlingtons,Demoted to Swiss,,,,,