Swiss,Division 1 and 2 in other tabs,,,,,,
Standings,Team,Stage 1,Week 3,Week 4,Week 5,Total,
,Chargers Green,10,Promoted to Div 2,,,,
,Couldnt Care Leic,10,8,Promoted to Div 2,,,
,Womp womp Leeds stomp stomp,10,10,Promoted to Div 2,,,
,My Poor Decals,10,10,7,Promoted to Div 2,,
,Portsmouth Pirates,10,,8,Promoted to Div 2,,
,MMU Minotaurs,8,7,,8,Promoted to Div 2,
,UWE Sea Stags,10,7,8,8,Promoted to Div 2,
,Brighton Bears,10,7,8,10,Promoted to Div 2,
,WinchesterWarriors RL,8,8,8,8,Promoted to Div 2,
1,Keele Krakens 2025,10,10,10,10,8,48
2,Warwick No WiFi,10,10,10,10,7,47
3,The Cabin,10,10,10,8,8,46
4,UCL Huzzlingtons,10,10,8,8,8,44
5,FLEX Vypers,10,8,10,7,7,42
6,Trent C ams Boosted,10,7,8,8,8,41
7,SHUnited,10,8,8,8,7,41
8,City Commanders,8,8,8,8,8,40
9,DA DRAGONS,8,8,8,8,8,40
10,Inazuma Esports,8,8,8,8,8,40
11,Soton Last Dance,10,8,7,7,8,40
12,Abertay A,8,7,8,8,8,39
13,Soton Summit,8,7,7,8,8,38
14,Leic Thinky More Drinky,8,8,7,7,8,38
15,NTU Back Burners,8,8,7,7,7,37
16,Warwick Prime Oogway,8,5,7,8,8,36
17,CMet Archers,10,8,5,5,8,36
18,Trent Terrors,8,7,7,7,7,36
19,Newcastle Magpies,10,7,7,7,5,36
20,Soton Spitfires,6,7,7,7,7,34
21,UWE Sea Stags Red,6,7,7,7,7,34
22,Brighton Pandas,8,5,7,7,7,34
23,UOS Goblin Sharks,8,7,7,7,5,34
24,UWE Sea Stags Black,10,7,7,5,5,34
25,DMG,10,8,8,7,,33
26,Horizons Nottingham,8,7,5,5,7,32
27,UoBraindead,10,10,10,,,30
28,Chi Hard,10,10,10,,,30
29,BGR Esports,10,,5,7,7,29
30,Loughborough Ds Nutz,6,5,3,7,7,28
31,UWE Sea Stags White,6,5,5,5,7,28
32,Address Us,6,5,5,5,7,28
33,Norwich,8,5,5,5,5,28
34,Loughborough Clangerz,10,8,,7,,25
35,Manchester Milky Macaronies,10,7,,,7,24
36,Trinity Tigers,6,8,8,,,22
37,Cambridge Ravens,10,,,10,,20
38,Edinb4llers,6,,7,7,,20
39,Durham Defenders,8,5,,7,,20
40,Illiterate FC,8,7,5,,,20
41,Chimichangas,6,5,7,,,18
42,York Buffoons,6,5,7,,,18
43,Solent Cardinals,2,,,8,7,17
44,Warwick Sixth Team,2,,5,5,5,17
45,Leic is More,10,7,,,,17
46,Bourne Yesterday,6,,5,,5,16
47,Herts To See It,6,7,,,,13
48,Keele Krakens 3rd 2026,4,3,,5,,12
49,Queen Mary II,10,,,,,10
50,Steel From The Homeless,10,,,,,10
51,Durham Dominators,6,,,3,,9
52,V2 in my gym,8,,,,,8
53,UoNlimited Boost,6,,,,,6
54,Herts 2 Electric Boogaloo,4,,,,,4
55,Utterly UseLeic,4,,,,,4